{
  "title": "Block Details",
  "visibility": "All",
  "expiry": 0,
  "isAnonymous": false,
  "isResponseAppended": true,
  "isLocationRequested": false,
  "questions": [
    {
      "title": "Shipment Number",
      "type": "Text"
    },
    {
      "title": "Location Name",
      "type": "Text"
    },

    {
      "title": "Name",
      "type": "Text"
    },
    {
      "title": "Phone",
      "type": "Text"
    },
    {
      "title": "Location",
      "type": "Location"
    },
    {
      "title": "Response Time",
      "type": "DateTime"
    }
  ]
}
